<?xml version="1.0" encoding="UTF-8"?>
 <manifest xmlns="http://www.imsproject.org/xsd/imscp_rootv1p1p2"
 		   xmlns:imsmd="http://www.imsglobal.org/xsd/imsmd_rootv1p2p1"	
		   xmlns:xsi="http://www.w3.org/2001/XMLSchema-instance"
		   xmlns:adlcp="http://www.adlnet.org/xsd/adlcp_rootv1p2"
		   identifier="interativasaude"
		   xsi:schemaLocation="http://www.imsproject.org/xsd/imscp_rootv1p1p2 imscp_rootv1p1p2.xsd
		   					   http://www.imsglobal.org/xsd/imsmd_rootv1p2p1 imsmd_rootv1p2p1.xsd
							   http://www.adlnet.org/xsd/adlcp_rootv1p2 adlcp_rootv1p2.xsd">
  <metadata>
    <schema>Petrobras</schema>
    <schemaversion>1.2</schemaversion>
  </metadata>
  <organizations default="ORG001">
    <organization identifier="ORG001" structure="hierarchical">
      <title>MAN200</title>
      <item identifier="ITEM-000" identifierref="RES000" isvisible="true">
        <title>Introdução</title>
      </item>
      <item identifier="ITEM-001" identifierref="RES001" isvisible="true">
        <title>Unidade 1 - Conceitos relativos a Notas PM do tipo ZC</title>
		<adlcp:prerequisites type='aicc_script'>ITEM-000</adlcp:prerequisites>
      </item>
      <item identifier="ITEM-002" identifierref="RES002" isvisible="true">
        <title>Unidade 2 - Criação de Notas PM tipo ZC</title>
		<adlcp:prerequisites type='aicc_script'>ITEM-001</adlcp:prerequisites>
      </item>
      <item identifier="ITEM-003" identifierref="RES003" isvisible="true">
        <title>Unidade 3 - Liberação Notas PM tipo ZC</title>
		<adlcp:prerequisites type='aicc_script'>ITEM-002</adlcp:prerequisites>
      </item>
      <item identifier="ITEM-004" identifierref="RES004" isvisible="true">
        <title>Unidade 4 - Acompanhamento da solicitação</title>
		<adlcp:prerequisites type='aicc_script'>ITEM-003</adlcp:prerequisites>
      </item>
      <item identifier="ITEM-005" identifierref="RES005" isvisible="true">
        <title>Unidade 5 - Avaliação e Encerramento de Notas PM tipo ZC</title>
		<adlcp:prerequisites type='aicc_script'>ITEM-004</adlcp:prerequisites>
      </item>
      <item identifier="ITEM-006" identifierref="RES006" isvisible="true">
        <title>Avaliação Final</title>
		<adlcp:masteryscore>70</adlcp:masteryscore>
		<adlcp:prerequisites type='aicc_script'>ITEM-005</adlcp:prerequisites>
      </item>
    </organization>
  </organizations>
  
  <resources>
    <resource identifier="RES000" type="webcontent" href="unidade0/index.html" adlcp:scormtype="sco">
      <file href="unidade0/index.html" />
      <file href="unidade0/index.swf" />
    </resource>
	
    <resource identifier="RES001" type="webcontent" href="unidade1/index.html" adlcp:scormtype="sco">
      <file href="unidade1/index.html" />
      <file href="unidade1/index.swf" />
    </resource>

    <resource identifier="RES002" type="webcontent" href="unidade2/index.html" adlcp:scormtype="sco">
      <file href="unidade2/index.html" />
      <file href="unidade2/index.swf" />
    </resource>

    <resource identifier="RES003" type="webcontent" href="unidade3/index.html" adlcp:scormtype="sco">
      <file href="unidade3/index.html" />
      <file href="unidade3/index.swf" />
    </resource>

    <resource identifier="RES004" type="webcontent" href="unidade4/index.html" adlcp:scormtype="sco">
      <file href="unidade4/index.html" />
      <file href="unidade4/index.swf" />
    </resource>

    <resource identifier="RES005" type="webcontent" href="unidade5/index.html" adlcp:scormtype="sco">
      <file href="unidade5/index.html" />
      <file href="unidade5/index.swf" />
    </resource>

    <resource identifier="RES006" type="webcontent" href="unidade6/index.html" adlcp:scormtype="sco">
      <file href="unidade6/index.html" />
      <file href="unidade6/index.swf" />
    </resource>
  </resources>
</manifest>

