﻿<?xml version="1.0" encoding="utf-8"?>
<exercicios>

  <questao id="1">
    <pergunta>Selecione a opção que melhor descreve a função da Nota PM de tipo ZC:</pergunta>
    <alternativas>
      <opcao>Solicitação aberta para atendimento de chamados previstos em contrato de manutenção em equipamentos de combustíveis líquidos.</opcao>
      <opcao>Solicitação de serviços de investimento.</opcao>
      <opcao>Solicitação de serviço que envolve processos com apropriações classificadas como custeio ou serviços sem custo direto.</opcao>
	  <opcao>Todas as respostas anteriores.</opcao>
    </alternativas>
    <resposta>3</resposta>
    <feedback> </feedback>
  </questao>

  <questao id="2">
    <pergunta>Status do Sistema é:</pergunta>
    <alternativas>
      <opcao>Status indicado pelo usuário no ato de criação da Nota, que identifica o objetivo da solicitação. Não permite indicações combinadas.</opcao>
      <opcao>Status controlados pelo sistema que identificam o andamento e ações tomadas no processo, apresentados de forma combinada.</opcao>
      <opcao>Status indicado pelo usuário no ato de criação da Nota, que identifica o objetivo da solicitação. Permite indicações combinadas.</opcao>
	  <opcao>Status controlados pelo sistema que identificam o andamento e ações tomadas no processo. Não permite indicações combinadas.</opcao>
    </alternativas>
    <resposta>2</resposta>
    <feedback></feedback>
  </questao>

  <questao id="3">
    <pergunta>Status do Usuário é:</pergunta>
    <alternativas>
      <opcao>Status indicado pelo usuário no ato de criação da Nota, que identifica o objetivo da solicitação. Permite indicações combinadas.</opcao>
      <opcao>Status controlados pelo sistema que identificam o andamento e ações tomadas no processo. Não permite indicações combinadas.</opcao>
      <opcao>Status indicado pelo usuário no ato de criação da Nota, que identifica o objetivo da solicitação. Não permite indicações combinadas.</opcao>
	  <opcao>Status controlados pelo sistema que identificam o andamento e ações tomadas no processo, apresentados de forma combinada.</opcao>
    </alternativas>
    <resposta>3</resposta>
    <feedback></feedback>
  </questao>

  <questao id="4">
    <pergunta>O campo Codificação é preenchido:</pergunta>
    <alternativas>
      <opcao>Quando a Nota PM é identificada pela a Engenharia antes de ser liberada.</opcao>
      <opcao>Quando a Nota PM é identificada pelo Cliente antes de ser liberada pelo solicitante.</opcao>
      <opcao>Quando a Nota PM é Identificada pela a Engenharia após sua liberação.</opcao>
	  <opcao>Quando a Nota PM indica obrigatoriedade de preenchimento do campo.</opcao>
    </alternativas>
    <resposta>3</resposta>
    <feedback></feedback>
  </questao>

  <questao id="5">
    <pergunta>A pasta &quot;Registros&quot; contém registros históricos relacionados ao processo, inseridos tanto pela engenharia quanto pela área solicitante. Sobre a &quot;Barra de Atividades&quot; – &quot;Registro da área solicitante&quot;, é correto dizer que:</pergunta>
    <alternativas>
      <opcao>O “Registro da área solicitante” deve ser utilizado pela a Engenharia para que a Área Solicitante tenha conhecimento do andamento da solicitação.</opcao>
      <opcao>O “Registro da área solicitante” tem como função solicitar ações entre as diversas áreas da Engenharia.</opcao>
      <opcao>O “Registro da área solicitante” deve ser utilizado para toda e qualquer necessidade posterior a liberação da Nota, seja para mudança de escopo, criticas, elogios e outras informações de interesse ao processo pelo solicitante.</opcao>
	  <opcao>Todas as respostas anteriores.</opcao>
    </alternativas>
    <resposta>3</resposta>
    <feedback></feedback>
  </questao>

  <questao id="6">
    <pergunta>A respeito da funcionalidade Tarefa, pode-se considerar incorreto:</pergunta>
    <alternativas>
      <opcao>É utilizada como meio de relacionamento entre a Engenharia e órgãos BR parceiros no processo, como também entre órgãos da engenharia e entre atividades internas da gerência gestora do processo.</opcao>
      <opcao>Deve ser utilizada para toda e qualquer necessidade posterior a liberação da Nota, seja para mudança de escopo, criticas, elogios e outras informações de interesse ao processo pelo solicitante.</opcao>
      <opcao>Funcionam como micros processos dentro do atendimento da solicitação, uma vez que são dinâmicas com abertura, atendimento e encerramento.</opcao>
	  <opcao>Através das Tarefas o solicitante pode apreciar detalhes do andamento do processo, complementares aos dados de “Status” e “Codificação” constantes da Nota PM.</opcao>
    </alternativas>
    <resposta>2</resposta>
    <feedback></feedback>
  </questao>

  <questao id="7">
    <pergunta>O Título da Nota ZC deve:</pergunta>
    <alternativas>
      <opcao>Conter todas as informações necessárias para atendimento da solicitação.</opcao>
      <opcao>Informar a chave do solicitante do serviço.</opcao>
      <opcao>Informar o Grupo de Planejamento e o centro de Planejamento à Engenharia.</opcao>
	  <opcao>Expressar a solicitação de forma sintetizada, objetiva e clara.</opcao>
    </alternativas>
    <resposta>4</resposta>
    <feedback></feedback>
  </questao>

  <questao id="8">
    <pergunta>Sobre Local de instalação é correto afirmar:</pergunta>
    <alternativas>
      <opcao>Os Locais de Instalação da GOP, GPA, GEI e outras gerências correspondem ao código da estrutura de PM da área, de nível mais adequado para o caso.</opcao>
      <opcao>O cadastro de Locais da Rede de postos e de clientes consumidores é constituído pelos 12 primeiros dígitos do CNPJ do parceiro. Quando cliente apenas “Recebedor de mercadoria”, de mesmo CNPJ do local emissor, o código do local de instalação corresponde aos 12 primeiros dígitos do CNPJ, acrescido de 3 zeros + ponto + o código recebedor de mercadoria.</opcao>
      <opcao>O cadastro de Locais de Clientes GNE e GNV é constituído pelos 12 primeiros dígitos do CNPJ do parceiro acrescido das letras GNE e GNV, respectivamente.</opcao>
	  <opcao>Todas as respostas anteriores.</opcao>
    </alternativas>
    <resposta>4</resposta>
    <feedback></feedback>
  </questao>
  
  <questao id="9">
    <pergunta>O campo Texto Descritivo:</pergunta>
    <alternativas>
      <opcao>Deve ser utilizado para informar serviços adicionais à solicitação.</opcao>
      <opcao>Deve expressar a solicitação de forma sintetizada, objetiva e clara.</opcao>
      <opcao>Deve expressar detalhadamente o serviço a ser realizado, inclusive os motivos geradores da solicitação e demais informações de interesse.</opcao>
	  <opcao>Deve ser utilizado pela Engenharia informando o andamento do processo ao Solicitante.</opcao>
    </alternativas>
    <resposta>3</resposta>
    <feedback></feedback>
  </questao>
  
  <questao id="10">
    <pergunta>Em quais transações é possível liberar Nota PM de tipo ZC?</pergunta>
    <alternativas>
      <opcao>IW22, IW23 E IW28;</opcao>
      <opcao>IW21, IW23 e IW31;</opcao>
      <opcao>IW21, IW22 e IW32;</opcao>
	  <opcao>IW21, IW22 e IW28.</opcao>
    </alternativas>
    <resposta>4</resposta>
    <feedback></feedback>
  </questao>


  
  
<questao id="11">
    <pergunta>Relacione as colunas quanto os diferentes tipos de Parceiro:</pergunta>
	<coluna1>a) Cliente Externo Man &#xD;b) Fornecedor &#xD;c) Departamento Responsável &#xD;d) Pessoa Responsável &#xD;e) Responsável atendimento PM</coluna1>
	<coluna2>( ) Identifica, através da matrícula funcional, pessoas responsáveis pela gestão do processo, diferentes do fiscal identificado como Centro de Trabalho Responsável; &#xD;( ) Parceiro comercial fornecedor de materiais / equipamentos ou prestador de serviços; &#xD;( ) Gerencias da engenharia e outras gerências parceiras do atendimento da solicitação; &#xD;( ) Identifica, através da chave de rede (que tenha extensão para o SAP), pessoas envolvidas no processo, diferentes do fiscal identificado como Centro de Trabalho Responsável; &#xD;( ) Parceiro comercial referente ao local de realização do serviço. A Nota PM traz o parceiro constante do cadastro do Local de Instalação e tem ligação direta com o cadastro de clientes - Módulo SD. Está presente em todos os processos relacionados a parceiros com cadastro em SD;</coluna2>	
    <alternativas>
      <opcao>d,b,c,e,a</opcao>
      <opcao>e,a,d,b,c</opcao>
      <opcao>b,e,c,d,a</opcao>
	  <opcao>a,d,b,c,e</opcao>
    </alternativas>
    <resposta>1</resposta>
    <feedback></feedback>
  </questao>


<questao id="12">
    <pergunta>Relacione as colunas quanto os diferentes tipos de Status do Sistema: </pergunta>
<coluna1>a) MSPN (Mensagem Pendente) &#xD;b) MSDI (Mensagem Diferida, adiada) &#xD;c) MSPR (Mensagem em Processamento) &#xD;d) MSEN (Mensagem Encerrada/Nota encerrada)</coluna1>
<coluna2>( ) Nota liberada para atendimento &#xD;( ) Nota salva como rascunho, pendente de liberação para atendimento &#xD;( ) Nota criada e pendente de liberação para atendimento &#xD;( ) Atendimento concluído ou cancelado</coluna2>

    <alternativas>
      <opcao>c,b,a,d</opcao>
      <opcao>b,c,d,a</opcao>
      <opcao>a,d,c,b</opcao>
	  <opcao>d,a,b,c</opcao>
    </alternativas>
    <resposta>1</resposta>
    <feedback></feedback>
  </questao>


<questao id="13">
    <pergunta>Quando identificada a conclusão do serviço solicitado no campo Codificação, deve ser realizada a avaliação na aba Prioridade e Avaliação. Quais são os itens avaliados:</pergunta>
    <alternativas>
      <opcao>Prazo, Custo Realizado e Parceiros;</opcao>
      <opcao>Qualidade do Serviço, Prazo e Registro;</opcao>
      <opcao>Parceiros, Prazo e Qualidade do Serviço;</opcao>
	  <opcao>Prazos, Qualidade do Serviço e Atendimento.</opcao>
    </alternativas>
    <resposta>4</resposta>
    <feedback></feedback>
  </questao>


<questao id="14">
    <pergunta>Para criar uma Nota PM de tipo ZC é necessário utilizar a transação:</pergunta>
    <alternativas>
      <opcao>IW51;</opcao>
      <opcao>IW31;</opcao>
      <opcao>IW21;</opcao>
	  <opcao>IW22;</opcao>
    </alternativas>
    <resposta>3</resposta>
    <feedback></feedback>
  </questao>


<questao id="15">
    <pergunta>As Informações Adicionais só são utilizadas pelo solicitante no ato da criação da Nota e do andamento do processo em casos de:</pergunta>
    <alternativas>
      <opcao>Solicitação de avaliação de imóvel, para inserir dados complementares necessários;</opcao>
      <opcao>Solicitação de projeto e/ou orçamento, para inserir o programa do mesmo;</opcao>
      <opcao>Solicitações que necessitem de preenchimento de dados na forma de check-list;</opcao>
	  <opcao>Todas as respostas anteriores.</opcao>
    </alternativas>
    <resposta>4</resposta>
    <feedback></feedback>
  </questao>
  
<questao id="16">
    <pergunta>Marque a situação que não identifica Notas que possuem condição de encerramento:</pergunta>
    <alternativas>
      <opcao>Ao receber o produto solicitado;</opcao>
      <opcao>Quando, durante seu acompanhamento, o cliente verifica a codificação de serviço EXEC;</opcao>
      <opcao>Quando, durante seu acompanhamento, o cliente verifica a codificação de serviço CONC ou CANC;</opcao>
	  <opcao>Ao receber o email automático, informando que o serviço solicitado está concluído ou cancelado.</opcao>
    </alternativas>
    <resposta>2</resposta>
    <feedback></feedback>
  </questao>

  <questao id="17">
    <pergunta>Relacione as colunas de acordo com a descrição de sua função: </pergunta>
<coluna1>a) Campo Ordenação &#xD;b) Codificação &#xD;c) Status do sistema &#xD;d) Avaliação </coluna1>
<coluna2>( ) Indica a satisfação do solicitante em relação ao serviço prestado. &#xD;( ) Reflete o campo Setor Industrial do cadastro de clientes. Especifica a atividade comercial do Local de Instalação. &#xD;( ) Status controlados pelo sistema que identificam o andamento e ações tomadas no processo, apresentados de forma combinada. &#xD;( ) Campo de indicação complementar ao estágio do atendimento do serviço. É utilizado exclusivamente pela a Engenharia.</coluna2>
    <alternativas>
      <opcao>d,a,c,b</opcao>
      <opcao>b,c,a,d</opcao>
      <opcao>c,d,b,a</opcao>
	  <opcao>a,b,d,c</opcao>
    </alternativas>
    <resposta>1</resposta>
    <feedback></feedback>
  </questao>
</exercicios>

